{
    "elec_mean": 4.515729393631784,
    "elec_std": 0.43131765767242314,
    "hvac_mean": 3.6521926489774987,
    "hvac_std": 0.3206163413004413
}