{
    "elec_kW_mean": 2.0936116510951983,
    "elec_kW_std": 0.9322880751979394,
    "hvac_kW_mean": 3.4711154799944213,
    "hvac_kW_std": 0.9912254448236292
}